{"feature_importance": {"returns_1d": 0.03843517561923885, "returns_5d": 0.03922063320948903, "returns_20d": 0.06339955850487076, "volatility_20d": 0.07691369476296889, "volatility_5d": 0.025925616928122324, "rsi_14": 0.03714543579474833, "rsi_7": 0.035353523792084306, "rsi_28": 0.04694701979122822, "macd": 0.03323713379547198, "macd_signal": 0.0482242315500253, "macd_histogram": 0.05637579410465946, "bb_position": 0.04414788356747705, "bb_width": 0.04334269990390844, "volume_ratio": 0.029324712655415842, "volume_trend": 0.055504580789622865, "high_low_ratio": 0.03729154524781907, "close_to_high": 0.04492832150808989, "distance_from_high_20d": 0.054567252855001566, "distance_from_low_20d": 0.04412071274705725, "price_efficiency": 0.02643702590118086, "trend_strength": 0.04187601595002349, "log_price": 0.07728143102149619}, "training_features": ["returns_1d", "returns_5d", "returns_20d", "volatility_20d", "volatility_5d", "rsi_14", "rsi_7", "rsi_28", "macd", "macd_signal", "macd_histogram", "bb_position", "bb_width", "volume_ratio", "volume_trend", "high_low_ratio", "close_to_high", "distance_from_high_20d", "distance_from_low_20d", "price_efficiency", "trend_strength", "log_price"], "ensemble_weights": {"rf": 0.3175985430491302, "gbm": 0.3432030697735832, "logistic": 0.33919838717728656}, "validation_metrics": {}}